"2020-01-01","53407676M","GRAVITY FILM","INFORMATION AND COMMUNICATIONS"
"2020-01-01","53407676M","GRAVITY FILM","INFORMATION AND COMMUNICATIONS"
"2020-01-01","53407676M","GRAVITY FILM","INFORMATION AND COMMUNICATIONS"
"2020-01-01","53407676M","GRAVITY FILM","INFORMATION AND COMMUNICATIONS"
"2020-01-01","53407676M","GRAVITY FILM","INFORMATION AND COMMUNICATIONS"
"2020-01-01","53407676M","GRAVITY FILM","INFORMATION AND COMMUNICATIONS"
"2020-01-01","53407676M","GRAVITY FILM","INFORMATION AND COMMUNICATIONS"
"2020-01-01","53407676M","GRAVITY FILM","INFORMATION AND COMMUNICATIONS"
"2020-01-01","53407676M","GRAVITY FILM","INFORMATION AND COMMUNICATIONS"
"2020-01-01","53407676M","GRAVITY FILM","INFORMATION AND COMMUNICATIONS"
"2020-01-01","53407676M","GRAVITY FILM","INFORMATION AND COMMUNICATIONS"
"2020-01-01","53407676M","GRAVITY FILM","INFORMATION AND COMMUNICATIONS"
"2020-01-01","53407676M","GRAVITY FILM","INFORMATION AND COMMUNICATIONS"
"2020-01-01","53407676M","GRAVITY FILM","INFORMATION AND COMMUNICATIONS"
"2020-01-01","53407676M","GRAVITY FILM","INFORMATION AND COMMUNICATIONS"
